{"cameraMode":{"drawMode":0,"name":"Shaded","section":"Shading Mode"},"sceneLighting":true,"audioPlay":false,"sceneViewState":{"showFog":true,"showMaterialUpdate":false,"showSkybox":true,"showFlares":true,"showImageEffects":true,"showParticleSystems":true,"showVisualEffectGraphs":true,"m_FxEnabled":true},"in2DMode":false,"pivot":{"x":304.0721435546875,"y":208.4068145751953,"z":-14.6795654296875},"rotation":{"x":-0.04077741876244545,"y":0.032063961029052737,"z":-0.0013095855247229338,"w":-0.9986577033996582},"size":187.42156982421876,"orthographic":false}