{"cameraMode":{"drawMode":0,"name":"Shaded","section":"Shading Mode"},"sceneLighting":true,"audioPlay":false,"sceneViewState":{"showFog":true,"showMaterialUpdate":false,"showSkybox":true,"showFlares":true,"showImageEffects":true,"showParticleSystems":true,"showVisualEffectGraphs":true,"m_FxEnabled":true},"in2DMode":false,"pivot":{"x":9.599793434143067,"y":3.0479366779327394,"z":-950.0296020507813},"rotation":{"x":0.0018069390207529069,"y":0.01831245794892311,"z":-0.00013434018183033913,"w":0.9998838305473328},"size":160.9918212890625,"orthographic":false}