{"cameraMode":{"drawMode":0,"name":"Shaded","section":"Shading Mode"},"sceneLighting":true,"audioPlay":false,"sceneViewState":{"showFog":true,"showMaterialUpdate":false,"showSkybox":true,"showFlares":true,"showImageEffects":true,"showParticleSystems":true,"showVisualEffectGraphs":true,"m_FxEnabled":true},"in2DMode":false,"pivot":{"x":0.2242342233657837,"y":-0.11248326301574707,"z":-1034.781005859375},"rotation":{"x":-0.12147444486618042,"y":0.02441341057419777,"z":-0.002978223841637373,"w":-0.9923050403594971},"size":10.827507019042969,"orthographic":false}