{"cameraMode":{"drawMode":0,"name":"Shaded","section":"Shading Mode"},"sceneLighting":true,"audioPlay":false,"sceneViewState":{"showFog":true,"showMaterialUpdate":false,"showSkybox":true,"showFlares":true,"showImageEffects":true,"showParticleSystems":true,"showVisualEffectGraphs":true,"m_FxEnabled":true},"in2DMode":false,"pivot":{"x":-337.49554443359377,"y":-148.4339599609375,"z":-232.73721313476563},"rotation":{"x":0.14297111332416535,"y":-0.10785821825265885,"z":0.015571869909763337,"w":0.9837648868560791},"size":585.7772216796875,"orthographic":false}