{"cameraMode":{"drawMode":0,"name":"Shaded","section":"Shading Mode"},"sceneLighting":true,"audioPlay":false,"sceneViewState":{"showFog":true,"showMaterialUpdate":false,"showSkybox":true,"showFlares":true,"showImageEffects":true,"showParticleSystems":true,"showVisualEffectGraphs":true,"m_FxEnabled":true},"in2DMode":false,"pivot":{"x":338.19281005859377,"y":-231.87966918945313,"z":-153.85186767578126},"rotation":{"x":0.1319255381822586,"y":-0.002982159610837698,"z":0.0003842482983600348,"w":0.9912714958190918},"size":915.3456420898438,"orthographic":false}