{"cameraMode":{"drawMode":0,"name":"Shaded","section":"Shading Mode"},"sceneLighting":true,"audioPlay":false,"sceneViewState":{"showFog":true,"showMaterialUpdate":false,"showSkybox":true,"showFlares":true,"showImageEffects":true,"showParticleSystems":true,"showVisualEffectGraphs":true,"m_FxEnabled":true},"in2DMode":false,"pivot":{"x":-218.3922576904297,"y":-205.73672485351563,"z":-358.29498291015627},"rotation":{"x":0.08719553798437119,"y":0.008958579041063786,"z":-0.0007921218639239669,"w":0.9961584210395813},"size":636.2324829101563,"orthographic":false}