{"cameraMode":{"drawMode":0,"name":"Shaded","section":"Shading Mode"},"sceneLighting":true,"audioPlay":false,"sceneViewState":{"showFog":true,"showMaterialUpdate":false,"showSkybox":true,"showFlares":true,"showImageEffects":true,"showParticleSystems":true,"showVisualEffectGraphs":true,"m_FxEnabled":true},"in2DMode":false,"pivot":{"x":-0.0000152587890625,"y":-280.522216796875,"z":-152.87246704101563},"rotation":{"x":0.11544288694858551,"y":0.04318787157535553,"z":-0.005032498389482498,"w":0.9923712015151978},"size":1071.6417236328125,"orthographic":false}