{"cameraMode":{"drawMode":0,"name":"Shaded","section":"Shading Mode"},"sceneLighting":true,"audioPlay":false,"sceneViewState":{"showFog":true,"showMaterialUpdate":false,"showSkybox":true,"showFlares":true,"showImageEffects":true,"showParticleSystems":true,"showVisualEffectGraphs":true,"m_FxEnabled":true},"in2DMode":false,"pivot":{"x":-0.07005834579467774,"y":0.6231622695922852,"z":-1054.6256103515625},"rotation":{"x":-0.13574565947055818,"y":0.6856836080551148,"z":-0.13244596123695374,"w":-0.7027618288993836},"size":117.82520294189453,"orthographic":false}