{"cameraMode":{"drawMode":0,"name":"Shaded","section":"Shading Mode"},"sceneLighting":false,"audioPlay":false,"sceneViewState":{"showFog":true,"showMaterialUpdate":false,"showSkybox":false,"showFlares":true,"showImageEffects":true,"showParticleSystems":true,"showVisualEffectGraphs":true,"m_FxEnabled":true},"in2DMode":false,"pivot":{"x":-414.56658935546877,"y":-210.3831024169922,"z":-197.41453552246095},"rotation":{"x":-0.10495792329311371,"y":-0.054572317749261859,"z":0.005778722930699587,"w":-0.9929806590080261},"size":36.742347717285159,"orthographic":false}